{
    "plddts": {
        "model_1_pred_0": 97.8581665013617,
        "model_2_pred_0": 98.04657955309138,
        "model_3_pred_0": 97.97560989033231,
        "model_4_pred_0": 97.87169153991155,
        "model_5_pred_0": 98.01928562104358
    },
    "order": [
        "model_2_pred_0",
        "model_5_pred_0",
        "model_3_pred_0",
        "model_4_pred_0",
        "model_1_pred_0"
    ]
}